{
  "version": 1,
  "author": "Karthi Keyan",
  "editor": "wokwi",
  "parts": [
    {
      "type": "wokwi-breadboard-half",
      "id": "bb1",
      "top": -176.2,
      "left": -91.8,
      "rotate": 180,
      "attrs": {}
    },
    { "type": "wokwi-breadboard-mini", "id": "bb2", "top": -308.6, "left": -309.6, "attrs": {} },
    {
      "type": "wokwi-breadboard-mini",
      "id": "bb3",
      "top": -95.1,
      "left": -399.7,
      "rotate": 90,
      "attrs": {}
    },
    { "type": "wokwi-esp32-devkit-v1", "id": "esp", "top": -139.3, "left": -216.2, "attrs": {} },
    {
      "type": "wokwi-relay-module",
      "id": "relay1",
      "top": 82.37,
      "left": -101.01,
      "rotate": 90,
      "attrs": {}
    },
    {
      "type": "wokwi-relay-module",
      "id": "relay2",
      "top": 83,
      "left": -45.2,
      "rotate": 90,
      "attrs": {}
    },
    {
      "type": "wokwi-relay-module",
      "id": "relay3",
      "top": 81.06,
      "left": 14.35,
      "rotate": 90,
      "attrs": {}
    },
    {
      "type": "wokwi-relay-module",
      "id": "relay4",
      "top": 81.06,
      "left": 73.22,
      "rotate": 90,
      "attrs": {}
    },
    {
      "type": "wokwi-photoresistor-sensor",
      "id": "ldr1",
      "top": -396.4,
      "left": -257.6,
      "rotate": 90,
      "attrs": {}
    },
    {
      "type": "wokwi-lcd2004",
      "id": "lcd1",
      "top": -195.2,
      "left": 255.2,
      "attrs": { "pins": "i2c" }
    },
    {
      "type": "wokwi-led",
      "id": "led1",
      "top": -330,
      "left": -303.4,
      "attrs": { "color": "blue" }
    },
    { "type": "wokwi-led", "id": "led2", "top": -330, "left": -265, "attrs": { "color": "blue" } },
    {
      "type": "wokwi-dht22",
      "id": "dht1",
      "top": -316.5,
      "left": -24.6,
      "attrs": { "temperature": "35.3", "humidity": "47.5" }
    },
    {
      "type": "wokwi-pir-motion-sensor",
      "id": "pir1",
      "top": -38.62,
      "left": -425,
      "rotate": 270,
      "attrs": {}
    },
    {
      "type": "wokwi-relay-module",
      "id": "relay5",
      "top": -96.6,
      "left": -464,
      "rotate": 180,
      "attrs": {}
    },
    {
      "type": "wokwi-led",
      "id": "led3",
      "top": 190.11,
      "left": -59.56,
      "attrs": { "color": "red" }
    },
    { "type": "wokwi-led", "id": "led4", "top": 188.4, "left": -5.8, "attrs": { "color": "red" } },
    { "type": "wokwi-led", "id": "led5", "top": 188.4, "left": 71, "attrs": { "color": "red" } },
    {
      "type": "wokwi-led",
      "id": "led6",
      "top": 188.4,
      "left": 128.6,
      "attrs": { "color": "red" }
    },
    { "type": "wokwi-gnd", "id": "gnd1", "top": 245.27, "left": 48.89, "attrs": {} },
    { "type": "wokwi-gnd", "id": "gnd2", "top": 182.4, "left": 37.8, "attrs": {} }
  ],
  "connections": [
    [ "esp:TX0", "$serialMonitor:RX", "", [] ],
    [ "esp:RX0", "$serialMonitor:TX", "", [] ],
    [ "esp:3V3", "bb1:tp.25", "red", [ "v0" ] ],
    [ "esp:GND.1", "bb1:tn.25", "black", [ "h0" ] ],
    [ "relay1:VCC", "bb1:tp.21", "red", [ "v0" ] ],
    [ "relay1:GND", "bb1:tn.22", "black", [ "v0" ] ],
    [ "esp:D5", "bb1:28t.d", "green", [ "h0" ] ],
    [ "relay1:IN", "bb1:28t.a", "blue", [ "v0" ] ],
    [ "esp:D18", "bb1:22t.d", "green", [ "h0" ] ],
    [ "relay2:IN", "bb1:22t.b", "blue", [ "v0" ] ],
    [ "relay2:VCC", "bb1:tp.16", "red", [ "v0" ] ],
    [ "relay2:GND", "bb1:tn.17", "black", [ "v0" ] ],
    [ "relay3:VCC", "bb1:tp.11", "red", [ "v0" ] ],
    [ "relay3:GND", "bb1:tn.12", "black", [ "v0" ] ],
    [ "esp:D19", "bb1:16t.c", "green", [ "h0" ] ],
    [ "relay3:IN", "bb1:16t.a", "blue", [ "v0" ] ],
    [ "relay4:VCC", "bb1:tp.6", "red", [ "v0" ] ],
    [ "relay4:GND", "bb1:tn.7", "black", [ "v0" ] ],
    [ "relay4:IN", "bb1:10t.a", "blue", [ "v0" ] ],
    [ "esp:VIN", "bb1:bp.25", "red", [ "h-32.73", "v-11.44" ] ],
    [ "esp:GND.2", "bb1:bn.25", "black", [ "h-25.72", "v-179.53", "h4.67" ] ],
    [ "lcd1:GND", "bb1:bn.1", "black", [ "h0" ] ],
    [ "lcd1:VCC", "bb1:bp.1", "red", [ "h0" ] ],
    [ "esp:D4", "bb1:10t.c", "green", [ "h10.27", "v-16.8" ] ],
    [ "lcd1:SDA", "esp:D21", "green", [ "h-14", "v51.46" ] ],
    [ "lcd1:SCL", "esp:D22", "green", [ "h-31", "v45.74", "h-329.93", "v-23.93" ] ],
    [ "bb2:3t.c", "bb2:7t.c", "green", [ "v0" ] ],
    [ "esp:D2", "bb2:7t.e", "green", [ "h24", "v-237.12", "h-155.28" ] ],
    [ "bb2:2t.d", "bb2:6t.d", "black", [ "v0" ] ],
    [ "bb1:bn.23", "bb2:12b.h", "green", [ "v-31.96", "h-1.89" ] ],
    [ "bb2:6t.e", "bb2:12b.g", "black", [ "v19.43", "h2.01" ] ],
    [ "bb2:15t.e", "bb2:12b.f", "black", [ "v0" ] ],
    [ "bb1:bp.24", "bb2:16t.e", "red", [ "v0" ] ],
    [ "esp:D23", "bb2:14t.d", "green", [ "h9.67", "v-154.15", "h-19.54" ] ],
    [ "dht1:GND", "bb1:bn.17", "black", [ "v0" ] ],
    [ "dht1:VCC", "bb1:bp.20", "red", [ "v0" ] ],
    [ "dht1:SDA", "bb1:23b.i", "blue", [ "v0" ] ],
    [ "esp:D15", "bb1:23b.h", "blue", [ "h29.06", "v-1.34" ] ],
    [ "esp:VIN", "bb3:14t.a", "red", [ "h0" ] ],
    [ "esp:GND.2", "bb3:13t.a", "black", [ "h0" ] ],
    [ "bb3:5b.f", "bb3:5t.e", "black", [ "h0" ] ],
    [ "bb3:13t.e", "bb3:12b.f", "black", [ "h-15.22", "v-10.88" ] ],
    [ "bb3:4t.b", "esp:D33", "green", [ "h38.08", "v1.59" ] ],
    [ "bb3:14b.f", "bb3:14t.e", "red", [ "h0" ] ],
    [ "bb3:13b.f", "bb3:10t.d", "blue", [ "h10.42", "v-32.65", "h-0.66" ] ],
    [ "esp:D27", "bb3:10t.a", "blue", [ "h0" ] ],
    [ "bb3:4t.e", "bb3:4b.f", "blue", [ "h0" ] ],
    [ "bb3:6b.f", "bb3:6t.e", "red", [ "h0" ] ],
    [ "bb3:14t.c", "bb3:6t.c", "red", [ "h0" ] ],
    [ "bb3:13t.b", "bb3:5t.b", "black", [ "h0" ] ],
    [ "ldr1:VCC", "bb2:16t.c", "", [ "$bb" ] ],
    [ "ldr1:GND", "bb2:15t.c", "", [ "$bb" ] ],
    [ "ldr1:DO", "bb2:14t.c", "", [ "$bb" ] ],
    [ "ldr1:AO", "bb2:13t.c", "", [ "$bb" ] ],
    [ "led1:A", "bb2:3t.b", "", [ "$bb" ] ],
    [ "led1:C", "bb2:2t.b", "", [ "$bb" ] ],
    [ "led2:A", "bb2:7t.b", "", [ "$bb" ] ],
    [ "led2:C", "bb2:6t.b", "", [ "$bb" ] ],
    [ "pir1:VCC", "bb3:14b.g", "", [ "$bb" ] ],
    [ "pir1:OUT", "bb3:13b.g", "", [ "$bb" ] ],
    [ "pir1:GND", "bb3:12b.g", "", [ "$bb" ] ],
    [ "relay5:VCC", "bb3:6b.g", "", [ "$bb" ] ],
    [ "relay5:GND", "bb3:5b.g", "", [ "$bb" ] ],
    [ "relay5:IN", "bb3:4b.g", "", [ "$bb" ] ],
    [ "relay1:COM", "relay2:COM", "black", [ "v20.18", "h53.54" ] ],
    [ "relay3:COM", "relay2:COM", "black", [ "v21.49", "h-60.49" ] ],
    [ "relay4:COM", "relay3:COM", "black", [ "v21.49", "h-58.21", "v-25.92" ] ],
    [ "led3:A", "relay1:NO", "green", [ "v-35.93", "h10.88" ] ],
    [ "led4:A", "relay2:NO", "green", [ "v-38.21", "h-6.32" ] ],
    [ "led5:A", "relay3:NO", "green", [ "v-37.55", "h-30.62" ] ],
    [ "led6:A", "relay4:NO", "green", [ "v-37.55", "h-25.74" ] ],
    [ "led3:C", "led4:C", "black", [ "v11.26", "h50.79" ] ],
    [ "led4:C", "led5:C", "black", [ "v14.96", "h70.14" ] ],
    [ "led5:C", "led6:C", "black", [ "v13.63", "h56.48", "v-17.95" ] ]
  ],
  "dependencies": {}
}